{"_runtime":18.849292663,"_wandb":{"runtime":20},"train/global_step":0,"profiling/Time taken: GRPOTrainer._prepare_inputs":4.459172487258911e-06,"profiling/Time taken: GRPOTrainer._get_per_token_logps":0.31060016294941306,"_step":32,"profiling/Time taken: GRPOTrainer.compute_loss":0.6231706063263118,"profiling/Time taken: GRPOTrainer.reward_func":0.003766066860407591,"_timestamp":1.7654516494160483e+09}