{"profiling/Time taken: GRPOTrainer._prepare_inputs":3.906898200511932e-06,"profiling/Time taken: GRPOTrainer.reward_func":0.0032548559829592705,"_timestamp":1.7654516128294234e+09,"profiling/Time taken: GRPOTrainer._get_per_token_logps":0.3058659299276769,"profiling/Time taken: GRPOTrainer.compute_loss":0.6182583961635828,"_wandb":{"runtime":20},"_step":32,"train/global_step":0,"_runtime":19.0430489}